subject,singleFace,subjectFaceResponse
1,19,17.078125
1,48,41.9609375
1,45,33.85807292
1,11,8.911458333
1,17,1.127604167
1,16,9.23046875
1,29,25.56380208
1,35,33.66666667
1,40,41.70572917
1,21,17.33333333
1,6,9.166666667
1,18,9.23046875
1,44,49.80859375
1,13,17.33333333
1,9,9.166666667
1,23,25.56380208
1,34,33.73046875
1,10,17.14192708
1,4,9.0390625
1,37,42.15234375
1,5,17.14192708
1,43,49.93619792
1,46,49.93619792
1,3,17.33333333
1,22,25.62760417
1,30,33.921875
1,26,25.43619792
1,14,17.26953125
1,20,17.01432292
1,2,8.975260417
1,24,17.01432292
1,1,1.063802083
1,25,17.4609375
1,8,17.078125
1,32,33.73046875
1,7,17.20572917
1,36,41.70572917
1,50,49.87239583
1,15,17.26953125
1,28,25.43619792
1,49,49.93619792
1,47,49.93619792
1,33,41.64192708
1,27,25.5
1,12,9.0390625
1,38,41.89713542
1,42,49.93619792
1,31,25.69140625
1,41,41.578125
1,39,49.87239583
2,19,17.4288499
2,48,41.97660819
2,45,41.49902534
2,11,25.40448343
2,17,18.0497076
2,16,19.9122807
2,29,23.44639376
2,35,32.3294347
2,40,32.3294347
2,21,27.60136453
2,6,14.0380117
2,18,22.25243664
2,44,40.59161793
2,13,24.64035088
2,9,19.48245614
2,23,22.01364522
2,34,35.76803119
2,10,16.90350877
2,4,9.262183232
2,37,41.73781677
2,5,8.832358671
2,43,41.30799221
2,46,44.65107213
2,3,8.832358671
2,22,17.09454191
2,30,33.47563353
2,26,33.90545809
2,14,21.01072125
2,20,16.95126705
2,2,14.42007797
2,24,20.81968811
2,1,14.75438596
2,25,21.24951267
2,8,13.32163743
2,32,31.85185185
2,7,18.81384016
2,36,21.20175439
2,50,44.17348928
2,15,27.93567251
2,28,28.55653022
2,49,38.92007797
2,47,38.96783626
2,33,33.66666667
2,27,33.66666667
2,12,29.65497076
2,38,34.86062378
2,42,37.77387915
2,31,33.2368421
2,41,39.06335282
2,39,35.57699805
3,19,13.06851852
3,48,47.91296296
3,45,47.91296296
3,11,14.42962963
3,17,15.15555555
3,16,15.15555555
3,29,25.45462963
3,35,41.10740741
3,40,46.27962963
3,21,23.14074074
3,6,15.33703704
3,18,21.73425926
3,44,47.09629629
3,13,17.51481481
3,9,10.11944445
3,23,23.18611111
3,34,46.37037037
3,10,13.52222222
3,4,13.88518519
3,37,47.32314815
3,5,13.02314815
3,43,48.04907407
3,46,48.04907407
3,3,7.578703707
3,22,23.05
3,30,25.99907407
3,26,25.86296296
3,14,17.51481481
3,20,15.97222222
3,2,5.491666667
3,24,21.23518519
3,1,7.714814813
3,25,25.59074074
3,8,9.121296293
3,32,40.97129629
3,7,8.939814813
3,36,45.28148148
3,50,45.73518519
3,15,10.61851852
3,28,25.59074074
3,49,49.31944445
3,47,49.31944445
3,33,30.53611111
3,27,30.12777778
3,12,9.348148146
3,38,45.00925926
3,42,45.00925926
3,31,26.81574074
3,41,44.60092593
3,39,44.60092593
4,19,17.53406612
4,48,41.97267842
4,45,41.84989135
4,11,1.487764277
4,17,1.128751004
4,16,9.12118276
4,29,25.6155634
4,35,25.6155634
4,40,25.6155634
4,21,17.2281518
4,6,1.15512037
4,18,9.158917268
4,44,42.11979628
4,13,1.119969648
4,9,1.119969648
4,23,17.25717505
4,34,33.80658809
4,10,1.256915926
4,4,1.256915926
4,37,33.65805276
4,5,1.28671606
4,43,41.78929027
4,46,49.76673921
4,3,1.200703584
4,22,17.53752414
4,30,25.53454518
4,26,17.33657717
4,14,1.29234509
4,20,9.069633682
4,2,9.069633682
4,24,9.069633682
4,1,1.294921078
4,25,17.79622944
4,8,1.50214545
4,32,25.41863132
4,7,1.349787986
4,36,34.25690603
4,50,49.83658504
4,15,9.530376313
4,28,17.14673638
4,49,42.16575527
4,47,49.72009484
4,33,33.41609629
4,27,18.16233985
4,12,1.508660392
4,38,33.96515091
4,42,33.96515091
4,31,25.80581308
4,41,25.80581308
4,39,25.80581308
5,19,27.40555555
5,48,46.13444445
5,45,43.68444445
5,11,14.28444445
5,17,16.89777778
5,16,10.96333333
5,29,23.64888889
5,35,28.60333333
5,40,44.71888889
5,21,18.58555555
5,6,15.91777778
5,18,15.37333333
5,44,49.34666667
5,13,15.59111111
5,9,11.23555555
5,23,17.38777778
5,34,30.4
5,10,17.87777778
5,4,14.50222222
5,37,39.71
5,5,10.03777778
5,43,42.97666667
5,46,45.75333333
5,3,6.281111114
5,22,17.06111111
5,30,23.86666667
5,26,18.25888889
5,14,19.67444445
5,20,24.46555555
5,2,9.656666667
5,24,25.60888889
5,1,7.37
5,25,32.14222222
5,8,14.66555555
5,32,36.33444445
5,7,14.99222222
5,36,34.15666667
5,50,48.36666667
5,15,4.266666667
5,28,32.68666667
5,49,40.96222222
5,47,49.34666667
5,33,28.16777778
5,27,23.48555555
5,12,15.31888889
5,38,31.43444445
5,42,36.71555555
5,31,28.00444445
5,41,39.22
5,39,39.22
6,19,17.06111111
6,48,41.60648148
6,45,42.74074074
6,11,19.19351852
6,17,18.60370371
6,16,18.51296296
6,29,28.04074074
6,35,27.04259259
6,40,34.61944445
6,21,19.19351852
6,6,10.48240741
6,18,16.10833333
6,44,44.55555555
6,13,18.10462963
6,9,18.83055555
6,23,19.69259259
6,34,46.64259259
6,10,18.33148148
6,4,17.24259259
6,37,34.75555555
6,5,21.50740741
6,43,33.53055555
6,46,34.43796296
6,3,19.91944445
6,22,25.99907407
6,30,28.72129629
6,26,29.99166667
6,14,22.36944445
6,20,23.68518519
6,2,15.79074074
6,24,26.54351852
6,1,19.55648148
6,25,28.26759259
6,8,16.33518519
6,32,27.63240741
6,7,17.87777778
6,36,33.48518519
6,50,47.86759259
6,15,21.77962963
6,28,25.77222222
6,49,44.60092593
6,47,43.78425926
6,33,34.93703704
6,27,29.49259259
6,12,18.10462963
6,38,41.65185185
6,42,35.11851852
6,31,25.86296296
6,41,33.03148148
6,39,34.25648148
7,19,12.93098958
7,48,49.04296875
7,45,48.91536458
7,11,15.67447917
7,17,20.33203125
7,16,21.54427083
7,29,30.79557292
7,35,31.625
7,40,32.26302083
7,21,17.65234375
7,6,16.82291667
7,18,17.52473958
7,44,40.94010417
7,13,19.11979167
7,9,18.03515625
7,23,26.52083333
7,34,26.52083333
7,10,20.90625
7,4,16.37630208
7,37,30.98697917
7,5,12.80338542
7,43,38.8984375
7,46,47.12890625
7,3,7.31640625
7,22,24.60677083
7,30,27.47786458
7,26,28.5625
7,14,20.01302083
7,20,20.01302083
7,2,16.18489583
7,24,16.18489583
7,1,17.20572917
7,25,17.90755208
7,8,17.90755208
7,32,34.11328125
7,7,14.65364583
7,36,37.62239583
7,50,46.29947917
7,15,20.140625
7,28,21.86328125
7,49,43.81119792
7,47,43.36458333
7,33,31.2421875
7,27,26.96744792
7,12,18.48177083
7,38,32.70963542
7,42,36.28255208
7,31,25.37239583
7,41,36.41015625
7,39,36.34635417
8,19,9.677083333
8,48,41.45052083
8,45,41.45052083
8,11,9.358072917
8,17,9.358072917
8,16,9.358072917
8,29,26.20182292
8,35,26.20182292
8,40,32.64583333
8,21,16.18489583
8,6,16.44010417
8,18,25.56380208
8,44,41.89713542
8,13,17.26953125
8,9,16.75911458
8,23,25.62760417
8,34,33.41145833
8,10,16.95052083
8,4,16.95052083
8,37,33.02864583
8,5,17.14192708
8,43,41.9609375
8,46,41.83333333
8,3,16.56770833
8,22,25.37239583
8,30,33.66666667
8,26,25.24479167
8,14,9.740885417
8,20,17.58854167
8,2,17.52473958
8,24,25.30859375
8,1,17.4609375
8,25,25.43619792
8,8,17.71614583
8,32,33.09244792
8,7,17.20572917
8,36,41.45052083
8,50,45.53385417
8,15,15.73828125
8,28,25.5
8,49,43.55598958
8,47,43.55598958
8,33,40.23828125
8,27,40.23828125
8,12,17.97135417
8,38,33.47526042
8,42,39.08984375
8,31,34.24088542
8,41,38.83463542
8,39,38.8984375
9,19,11.25370371
9,48,45.28148148
9,45,44.78240741
9,11,18.51296296
9,17,12.025
9,16,11.52592593
9,29,24.77407407
9,35,29.31111111
9,40,29.53796296
9,21,25.36388889
9,6,11.07222222
9,18,25.45462963
9,44,35.88981481
9,13,21.05370371
9,9,21.05370371
9,23,24.95555555
9,34,27.04259259
9,10,11.02685185
9,4,12.20648148
9,37,30.21851852
9,5,13.93055555
9,43,37.34166667
9,46,42.65
9,3,6.08148148
9,22,13.02314815
9,30,14.06666667
9,26,12.79629629
9,14,21.91574074
9,20,21.91574074
9,2,14.33888889
9,24,22.41481481
9,1,15.15555555
9,25,19.375
9,8,15.11018519
9,32,25.81759259
9,7,19.60185185
9,36,26.08981481
9,50,35.20925926
9,15,21.14444445
9,28,27.58703704
9,49,44.28333333
9,47,44.82777778
9,33,39.06574074
9,27,30.49074074
9,12,24.04814815
9,38,33.43981481
9,42,35.93518519
9,31,22.23333333
9,41,31.57962963
9,39,31.57962963
10,19,17.0611118
10,48,33.05416736
10,45,30.89907477
10,11,10.05138924
10,17,14.02129838
10,16,13.59027778
10,29,30.01435393
10,35,28.63055625
10,40,33.00879768
10,21,9.529629283
10,6,13.86249931
10,18,16.97037245
10,44,34.6875
10,13,17.99120578
10,9,19.80602059
10,23,29.85555487
10,34,33.39444513
10,10,14.2935199
10,4,17.74166736
10,37,34.14305694
10,5,15.40509259
10,43,41.67454119
10,46,42.5819486
10,3,9.779167704
10,22,12.47870509
10,30,36.18472361
10,26,18.76250069
10,14,19.94212963
10,20,19.94212963
10,2,21.82500069
10,24,32.01064745
10,1,19.89675995
10,25,27.95000069
10,8,22.64166874
10,32,30.94444445
10,7,16.40324281
10,36,34.41527847
10,50,38.38518588
10,15,16.42592593
10,28,27.01990671
10,49,36.77453635
10,47,37.88611249
10,33,17.15185116
10,27,17.15185116
10,12,14.76990671
10,38,33.68935323
10,42,38.22639027
10,31,26.70231551
10,41,29.08425995
10,39,29.78750207
11,19,1.045957435
11,48,49.9615393
11,45,41.95701633
11,11,9.239206642
11,17,17.27664917
11,16,17.22668416
11,29,25.63286451
11,35,25.61234483
11,40,33.53206089
11,21,9.071126369
11,6,1.207589382
11,18,9.264632775
11,44,49.99160604
11,13,9.20072103
11,9,17.25967516
11,23,25.48779785
11,34,33.60737725
11,10,9.350925091
11,4,1.08153707
11,37,49.85974175
11,5,9.19966098
11,43,49.89907308
11,46,49.75329197
11,3,1.102408987
11,22,25.52251018
11,30,33.65435486
11,26,25.35043064
11,14,17.36017009
11,20,17.36017009
11,2,1.016311071
11,24,25.53231642
11,1,9.246931019
11,25,33.5442431
11,8,17.30593499
11,32,41.31973653
11,7,9.10205044
11,36,41.6985182
11,50,49.94044475
11,15,17.43071126
11,28,25.4425316
11,49,49.96434394
11,47,49.90708157
11,33,33.83257867
11,27,25.43888292
11,12,9.282354466
11,38,41.96904569
11,42,49.41752686
11,31,33.72290554
11,41,33.72290554
11,39,41.86987
12,19,25.4546324
12,48,47.32314953
12,45,37.34166667
12,11,21.1898162
12,17,22.00648287
12,16,22.00648287
12,29,26.36203842
12,35,33.48518796
12,40,36.88796574
12,21,23.54907684
12,6,24.91018796
12,18,24.91018796
12,44,34.57407684
12,13,17.65092731
12,9,17.65092731
12,23,17.65092731
12,34,29.1296324
12,10,19.01203842
12,4,19.01203842
12,37,24.41111111
12,5,20.05555555
12,43,30.85370509
12,46,39.47407684
12,3,19.78333333
12,22,19.78333333
12,30,19.78333333
12,26,19.78333333
12,14,20.78148287
12,20,20.78148287
12,2,14.33888889
12,24,18.78518796
12,1,20.50926064
12,25,21.825
12,8,19.46574351
12,32,32.89537175
12,7,24.45648287
12,36,30.53611111
12,50,30.53611111
12,15,22.18796574
12,28,31.5796324
12,49,34.75555555
12,47,34.75555555
12,33,36.70648287
12,27,29.7648162
12,12,19.42037175
12,38,19.14814953
12,42,16.33518588
12,31,23.45833333
12,41,28.72129907
12,39,22.64166667
13,19,17.22444445
13,48,49.78222222
13,45,47.11444445
13,11,14.72
13,17,14.55666667
13,16,18.20444445
13,29,23.21333333
13,35,27.73222222
13,40,29.96444445
13,21,18.53111111
13,6,17.55111111
13,18,20.00111111
13,44,43.41222222
13,13,18.31333333
13,9,18.74888889
13,23,14.93777778
13,34,34.91888889
13,10,20.6
13,4,20.70888889
13,37,31.43444445
13,5,21.25333333
13,43,36.33444445
13,46,37.80444445
13,3,18.53111111
13,22,19.94666667
13,30,19.23888889
13,26,20.05555555
13,14,21.85222222
13,20,21.58
13,2,19.67444445
13,24,20.81777778
13,1,19.94666667
13,25,22.12444445
13,8,20.38222222
13,32,28.87555555
13,7,19.13
13,36,33.28555555
13,50,41.50666667
13,15,22.01555555
13,28,23.10444445
13,49,40.96222222
13,47,42.32333333
13,33,30.50888889
13,27,28.05888889
13,12,22.50555555
13,38,33.55777778
13,42,36.22555555
13,31,29.58333333
13,41,35.08222222
13,39,36.06222222
14,19,17.24259397
14,48,49.86388751
14,45,49.77314815
14,11,1.453703707
14,17,1.136110763
14,16,1.090741083
14,29,25.59074281
14,35,25.59074281
14,40,33.43981481
14,21,17.1972243
14,6,9.166666667
14,18,9.121296987
14,44,41.87870648
14,13,17.42407615
14,9,17.42407615
14,23,25.45463032
14,34,33.57592731
14,10,9.166666667
14,4,9.302777429
14,37,41.83333333
14,5,17.28796365
14,43,41.87870648
14,46,49.95463378
14,3,9.030555904
14,22,25.36389097
14,30,25.45463032
14,26,25.59074281
14,14,17.33333333
14,20,17.33333333
14,2,9.075925584
14,24,25.40926064
14,1,9.030555904
14,25,17.15185116
14,8,17.24259397
14,32,25.5
14,7,17.0611118
14,36,33.57592731
14,50,49.95463378
14,15,17.28796365
14,28,25.54536968
14,49,49.81852129
14,47,49.68240879
14,33,33.53055764
14,27,25.27314815
14,12,17.69629768
14,38,33.71203635
14,42,34.34722222
14,31,25.5
14,41,33.48518449
14,39,33.57592731
15,19,9.399979383
15,48,38.31493851
15,45,41.85489838
15,11,5.203962611
15,17,7.362585916
15,16,8.995833753
15,29,9.695164399
15,35,21.87866755
15,40,32.72344328
15,21,10.22482346
15,6,5.94634028
15,18,9.929382292
15,44,37.68333527
15,13,13.60395411
15,9,13.83293823
15,23,13.83293823
15,34,24.60012825
15,10,15.07982035
15,4,15.29929924
15,37,31.46398212
15,5,6.515077768
15,43,39.83234257
15,46,44.28008369
15,3,14.49002492
15,22,11.83585895
15,30,21.49563352
15,26,21.29051632
15,14,14.04851948
15,20,13.92972134
15,2,12.31414957
15,24,12.36166883
15,1,12.36166883
15,25,14.7356934
15,8,8.194366804
15,32,28.52728632
15,7,11.3711858
15,36,22.33121511
15,50,45.45282773
15,15,14.98126496
15,28,21.01596175
15,49,47.15615506
15,47,47.57332625
15,33,37.7813922
15,27,15.46104056
15,12,8.196514662
15,38,30.32932133
15,42,39.35586923
15,31,27.89777382
15,41,34.87066446
15,39,38.66843916
16,19,17.39713542
16,48,49.48958333
16,45,49.29817708
16,11,9.358072917
16,17,17.4609375
16,16,17.33333333
16,29,42.02473958
16,35,49.80859375
16,40,49.80859375
16,21,17.39713542
16,6,1.319010417
16,18,9.549479167
16,44,49.68098958
16,13,9.358072917
16,9,9.166666667
16,23,17.20572917
16,34,33.60286458
16,10,9.23046875
16,4,9.421875
16,37,41.64192708
16,5,9.294270833
16,43,49.48958333
16,46,49.68098958
16,3,9.23046875
16,22,17.58854167
16,30,33.5390625
16,26,25.62760417
16,14,17.33333333
16,20,17.52473958
16,2,9.549479167
16,24,17.65234375
16,1,9.0390625
16,25,17.26953125
16,8,9.166666667
16,32,41.51432292
16,7,9.23046875
16,36,25.75520833
16,50,49.68098958
16,15,17.01432292
16,28,24.67057292
16,49,49.68098958
16,47,49.55338542
16,33,33.79427083
16,27,25.5
16,12,9.421875
16,38,33.66666667
16,42,49.68098958
16,31,25.24479167
16,41,41.89713542
16,39,49.48958333
17,19,22.00648287
17,48,42.0148162
17,45,42.0148162
17,11,9.030555553
17,17,9.030555553
17,16,9.030555553
17,29,33.80277778
17,35,33.80277778
17,40,33.80277778
17,21,17.06111111
17,6,11.52592731
17,18,17.60555555
17,44,38.06759397
17,13,15.92685255
17,9,13.93055555
17,23,28.17685462
17,34,39.15648287
17,10,19.14814953
17,4,19.14814953
17,37,37.38703842
17,5,18.55833333
17,43,41.47037175
17,46,41.47037175
17,3,16.78888889
17,22,30.3546324
17,30,35.16388889
17,26,35.16388889
17,14,19.78333333
17,20,32.85
17,2,17.56018796
17,24,32.39629907
17,1,17.83241018
17,25,33.4398162
17,8,18.01388889
17,32,38.02222222
17,7,17.92314953
17,36,37.7046324
17,50,37.7046324
17,15,9.937963654
17,28,33.53055555
17,49,41.56111111
17,47,41.56111111
17,33,33.80277778
17,27,33.80277778
17,12,17.78703842
17,38,33.25833333
17,42,33.25833333
17,31,29.40185462
17,41,39.33796574
17,39,39.33796574
18,19,4.04484165
18,48,49.13094833
18,45,49.14876556
18,11,17.15119957
18,17,17.34039642
18,16,17.34039642
18,29,25.65076981
18,35,27.33285691
18,40,33.88471527
18,21,17.56474362
18,6,8.332949143
18,18,25.09934784
18,44,49.85646775
18,13,4.543899806
18,9,4.334730533
18,23,17.75264138
18,34,31.18065338
18,10,9.057178805
18,4,1.975181201
18,37,35.97535004
18,5,7.993937645
18,43,46.91247887
18,46,49.72038986
18,3,4.795064431
18,22,25.3948761
18,30,33.95347946
18,26,25.55299935
18,14,17.76369209
18,20,16.15199913
18,2,11.74870956
18,24,33.93157616
18,1,7.095034826
18,25,20.00798271
18,8,20.91644089
18,32,34.06308945
18,7,4.292686573
18,36,39.27005348
18,50,49.91370269
18,15,19.40637268
18,28,27.24573341
18,49,49.63819733
18,47,49.63819733
18,33,40.16844788
18,27,27.3150621
18,12,1.813623293
18,38,34.10268662
18,42,40.26011727
18,31,31.61635681
18,41,37.1522181
18,39,38.79900719
19,19,9.05324074
19,48,41.71990741
19,45,41.83333333
19,11,1.056712959
19,17,1.113425927
19,16,1.113425927
19,29,33.55324074
19,35,33.55324074
19,40,33.55324074
19,21,9.280092594
19,6,1.113425927
19,18,9.05324074
19,44,49.77314815
19,13,9.166666667
19,9,9.166666667
19,23,9.05324074
19,34,49.88657407
19,10,1
19,4,1
19,37,49.82986111
19,5,1.226851854
19,43,49.88657407
19,46,49.88657407
19,3,1.113425927
19,22,9.109953707
19,30,41.66319445
19,26,41.66319445
19,14,9.05324074
19,20,9.05324074
19,2,1.226851854
19,24,17.56018519
19,1,1.113425927
19,25,17.27662037
19,8,9.05324074
19,32,41.77662037
19,7,9.109953707
19,36,41.94675926
19,50,49.71643519
19,15,9.280092594
19,28,41.83333333
19,49,49.88657407
19,47,49.88657407
19,33,49.88657407
19,27,41.94675926
19,12,9.109953707
19,38,49.65972222
19,42,49.65972222
19,31,41.83333333
19,41,41.83333333
19,39,41.83333333
20,19,20.25403321
20,48,41.86499512
20,45,41.84896485
20,11,19.2111084
20,17,20.28226563
20,16,19.87720215
20,29,31.67979004
20,35,31.73912597
20,40,31.73912597
20,21,21.00482422
20,6,16.82762207
20,18,16.10769531
20,44,39.61190429
20,13,16.34886719
20,9,16.27541504
20,23,28.62351074
20,34,34.22022949
20,10,21.38452637
20,4,21.30413574
20,37,39.20564454
20,5,21.50367676
20,43,39.95093262
20,46,40.34810059
20,3,19.64942871
20,22,26.05388184
20,30,26.46229492
20,26,26.44219727
20,14,18.53185546
20,20,24.59058105
20,2,18.32178711
20,24,26.07924316
20,1,22.28533204
20,25,26.37018066
20,8,22.49492188
20,32,27.45856446
20,7,21.8204541
20,36,30.67442871
20,50,33.31870605
20,15,21.91759278
20,28,20.92275879
20,49,35.00068847
20,47,36.91833985
20,33,36.71114258
20,27,25.96320313
20,12,21.70154297
20,38,35.28420898
20,42,35.07701172
20,31,35.94049316
20,41,35.79669921
20,39,35.75339355
21,19,8.690277781
21,48,41.32291667
21,45,40.43819445
21,11,4.198611114
21,17,9.609027781
21,16,11.14027778
21,29,26.89513889
21,35,28.25625
21,40,28.59652778
21,21,17.70763889
21,6,14.475
21,18,16.00625
21,44,34.48333333
21,13,19.30694445
21,9,19.17083333
21,23,25.5
21,34,29.34513889
21,10,21.79097222
21,4,19.9875
21,37,34.61944445
21,5,20.15763889
21,43,35.94652778
21,46,42.61597222
21,3,12.12708333
21,22,18.89861111
21,30,37.92013889
21,26,27.77986111
21,14,18.28611111
21,20,20.77013889
21,2,11.24236111
21,24,19.9875
21,1,14.71319445
21,25,25.15972222
21,8,19.95347222
21,32,28.49444445
21,7,17.84375
21,36,36.45694445
21,50,46.86944445
21,15,12.53541667
21,28,26.55486111
21,49,42.07152778
21,47,49.31944445
21,33,43.97708333
21,27,32.54375
21,12,18.86458333
21,38,32.64583333
21,42,38.3625
21,31,37.00138889
21,41,37.57986111
21,39,39.92777778
22,19,17.43541667
22,48,41.90138889
22,45,40.26805555
22,11,12.80763889
22,17,24.92152778
22,16,25.53402778
22,29,30.43402778
22,35,33.66666667
22,40,39.14513889
22,21,21.72291667
22,6,16.10833333
22,18,23.18611111
22,44,42.41180555
22,13,18.28611111
22,9,19.74930555
22,23,27.95
22,34,34.34722222
22,10,20.15763889
22,4,10.15347222
22,37,40.60833333
22,5,14.74722222
22,43,43.84097222
22,46,46.35902778
22,3,13.72638889
22,22,24.54722222
22,30,30.09375
22,26,25.29583333
22,14,21.11041667
22,20,22.94791667
22,2,7.975694447
22,24,28.35833333
22,1,14.20277778
22,25,31.35277778
22,8,19.17083333
22,32,36.69513889
22,7,17.87777778
22,36,38.49861111
22,50,47.95833333
22,15,17.97986111
22,28,33.80277778
22,49,49.04722222
22,47,49.48958333
22,33,27.43958333
22,27,24.68333333
22,12,17.74166667
22,38,39.92777778
22,42,42.17361111
22,31,33.4625
22,41,42.82013889
22,39,41.52708333
23,19,17.1972243
23,48,41.87870648
23,45,41.74259397
23,11,9.212038078
23,17,17.33333333
23,16,16.97037245
23,29,33.34907546
23,35,33.62129699
23,40,33.62129699
23,21,25.36389097
23,6,9.166666667
23,18,17.0611118
23,44,41.65185462
23,13,17.24259397
23,9,17.24259397
23,23,25.45463032
23,34,33.48518449
23,10,17.33333333
23,4,17.37870301
23,37,41.69722084
23,5,9.075925584
23,43,41.96944583
23,46,41.96944583
23,3,8.985186224
23,22,17.33333333
23,30,33.39444513
23,26,25.27314815
23,14,17.10648148
23,20,17.10648148
23,2,1.907407407
23,24,28.58518657
23,1,9.892593631
23,25,33.9388882
23,8,17.24259397
23,32,33.84814884
23,7,17.10648148
23,36,41.01666528
23,50,49.68240879
23,15,17.42407615
23,28,32.89537175
23,49,42.19629768
23,47,49.36481758
23,33,33.80277916
23,27,25.5
23,12,17.28796365
23,38,33.62129699
23,42,41.51574213
23,31,25.59074281
23,41,33.57592731
23,39,33.57592731
24,19,9.030555904
24,48,47.36851713
24,45,39.70092731
24,11,2.67870405
24,17,5.44629595
24,16,7.71481447
24,29,18.37685323
24,35,25.63611249
24,40,29.62870301
24,21,10.98148148
24,6,6.716667704
24,18,6.716667704
24,44,44.32870371
24,13,12.38796227
24,9,9.438889923
24,23,5.44629595
24,34,16.47129561
24,10,10.34629734
24,4,6.308333676
24,37,33.66666667
24,5,2.633334371
24,43,35.48148148
24,46,40.10925787
24,3,6.081481831
24,22,9.121296987
24,30,12.25185323
24,26,12.70555694
24,14,8.894445133
24,20,12.52407477
24,2,4.039815164
24,24,20.10092523
24,1,4.720370717
24,25,15.29166667
24,8,9.438889923
24,32,6.852778467
24,7,9.302777429
24,36,16.83425995
24,50,48.54814953
24,15,5.083333333
24,28,5.083333333
24,49,49.72778193
24,47,49.95463378
24,33,25.54536968
24,27,19.55648217
24,12,8.758334371
24,38,36.29814953
24,42,38.47592523
24,31,24.81944445
24,41,32.26018588
24,39,32.26018588
25,19,1.544444447
25,48,48.23055555
25,45,42.55925926
25,11,1.294907407
25,17,8.395370374
25,16,8.395370374
25,29,25.52268519
25,35,25.59074074
25,40,41.74259259
25,21,10.73194445
25,6,4.788425927
25,18,5.060648146
25,44,42.89953704
25,13,9.257407407
25,9,9.14398148
25,23,13.49953704
25,34,13.49953704
25,10,5.037962959
25,4,4.743055553
25,37,43.71620371
25,5,6.013425927
25,43,46.14351852
25,46,44.73703704
25,3,9.05324074
25,22,12.86435185
25,30,13.38611111
25,26,13.25
25,14,9.688425927
25,20,11.45787037
25,2,7.714814813
25,24,11.91157407
25,1,6.08148148
25,25,18.62638889
25,8,6.762037041
25,32,25.79490741
25,7,7.170370374
25,36,31.46620371
25,50,39.49675926
25,15,9.23472222
25,28,17.58287037
25,49,34.30185185
25,47,39.99583333
25,33,22.82314815
25,27,16.83425926
25,12,8.849074073
25,38,42.78611111
25,42,40.76712963
25,31,34.57407407
25,41,42.15092593
25,39,40.76712963
26,19,17.24103299
26,48,49.20417534
26,45,49.23097222
26,11,8.968667532
26,17,13.81294705
26,16,13.65067708
26,29,33.67198351
26,35,34.98630643
26,40,42.89755208
26,21,25.36473958
26,6,13.79763455
26,18,18.36501302
26,44,45.34521268
26,13,13.44055555
26,9,10.74534288
26,23,25.52169271
26,34,37.77722222
26,10,15.2721007
26,4,15.2721007
26,37,45.34946615
26,5,14.69639323
26,43,45.53725695
26,46,47.56956597
26,3,14.83463107
26,22,21.65230903
26,30,34.11753472
26,26,37.7491493
26,14,21.3953993
26,20,23.9678993
26,2,6.08375
26,24,29.67457031
26,1,13.36335503
26,25,34.1024349
26,8,25.65844184
26,32,43.16615885
26,7,21.92282986
26,36,48.98363281
26,50,49.82411893
26,15,17.22529514
26,28,33.8421224
26,49,45.96302951
26,47,49.77201389
26,33,39.06177083
26,27,33.71409288
26,12,15.91884115
26,38,39.04305555
26,42,42.33885851
26,31,36.57200087
26,41,42.8328993
26,39,43.32141059
27,19,9.438888886
27,48,42.21444445
27,45,42.21444445
27,11,1.217777781
27,17,17.17
27,16,17.17
27,29,33.55777778
27,35,41.72444445
27,40,41.72444445
27,21,17.55111111
27,6,1.544444447
27,18,9.166666667
27,44,41.56111111
27,13,17.27888889
27,9,9.166666667
27,23,9.11222222
27,34,33.83
27,10,8.894444447
27,4,1.108888886
27,37,41.72444445
27,5,9.547777781
27,43,42.26888889
27,46,42.10555555
27,3,9.33
27,22,33.50333333
27,30,41.61555555
27,26,25.60888889
27,14,9.275555553
27,20,9.275555553
27,2,1.108888886
27,24,25.71777778
27,1,9.438888886
27,25,25.5
27,8,9.11222222
27,32,33.72111111
27,7,17.33333333
27,36,41.72444445
27,50,49.72777778
27,15,10.09222222
27,28,17.66
27,49,41.77888889
27,47,49.89111111
27,33,42.10555555
27,27,33.55777778
27,12,9.003333333
27,38,33.17666667
27,42,41.50666667
27,31,33.72111111
27,41,49.45555555
27,39,49.45555555
28,19,17.5375
28,48,41.425
28,45,41.49305555
28,11,17.19722222
28,17,17.19722222
28,16,17.19722222
28,29,29.24305555
28,35,29.24305555
28,40,38.43055555
28,21,27.95
28,6,13.38611111
28,18,20.73611111
28,44,41.49305555
28,13,17.12916667
28,9,17.12916667
28,23,30.60416667
28,34,36.525
28,10,20.05555555
28,4,23.11805555
28,37,35.84444445
28,5,20.66805555
28,43,41.83333333
28,46,41.83333333
28,3,18.96666667
28,22,23.79861111
28,30,31.69305555
28,26,31.69305555
28,14,23.93472222
28,20,23.93472222
28,2,19.64722222
28,24,28.76666667
28,1,23.6625
28,25,31.0125
28,8,24.41111111
28,32,31.55694445
28,7,23.25416667
28,36,33.39444445
28,50,42.44583333
28,15,20.32777778
28,28,31.82916667
28,49,43.67083333
28,47,43.67083333
28,33,35.9125
28,27,35.9125
28,12,22.98194445
28,38,34.34722222
28,42,38.09027778
28,31,35.36805555
28,41,38.02222222
28,39,38.02222222
29,19,25.72685185
29,48,49.90925926
29,45,49.95462963
29,11,25.00092593
29,17,25.77222222
29,16,25.36388889
29,29,33.84814815
29,35,41.19814815
29,40,41.56111111
29,21,25.45462963
29,6,17.15185185
29,18,17.19722222
29,44,49.68240741
29,13,17.37870371
29,9,9.620370374
29,23,33.03148148
29,34,41.425
29,10,9.121296293
29,4,9.48425926
29,37,49.50092593
29,5,9.212037041
29,43,49.95462963
29,46,49.41018519
29,3,1
29,22,33.30370371
29,30,41.92407407
29,26,33.48518519
29,14,25.54537037
29,20,26.18055555
29,2,1.453703707
29,24,33.62129629
29,1,8.894444447
29,25,33.93888889
29,8,9.66574074
29,32,41.87870371
29,7,1
29,36,49.90925926
29,50,49.50092593
29,15,25.36388889
29,28,33.48518519
29,49,49.95462963
29,47,49.68240741
29,33,41.92407407
29,27,42.15092593
29,12,9.166666667
29,38,49.54629629
29,42,49.50092593
29,31,42.33240741
29,41,49.81851852
29,39,49.59166667
30,19,9.677083333
30,48,41.64192708
30,45,34.04947917
30,11,1.127604167
30,17,1.063802083
30,16,1.127604167
30,29,33.60286458
30,35,33.60286458
30,40,43.42838542
30,21,9.0390625
30,6,1.255208333
30,18,8.528645833
30,44,49.68098958
30,13,17.84375
30,9,17.33333333
30,23,24.92578125
30,34,33.41145833
30,10,8.209635417
30,4,1
30,37,49.6171875
30,5,9.99609375
30,43,49.93619792
30,46,49.93619792
30,3,1.255208333
30,22,25.05338542
30,30,32.90104167
30,26,32.90104167
30,14,17.4609375
30,20,33.02864583
30,2,8.84765625
30,24,31.88020833
30,1,1.063802083
30,25,33.47526042
30,8,1.3828125
30,32,33.28385417
30,7,8.84765625
30,36,49.80859375
30,50,49.80859375
30,15,16.75911458
30,28,33.15625
30,49,49.55338542
30,47,49.55338542
30,33,33.15625
30,27,33.15625
30,12,1.319010417
30,38,41.45052083
30,42,49.80859375
30,31,34.04947917
30,41,43.04557292
30,39,41.578125
31,19,25.69140625
31,48,49.48958333
31,45,46.49088542
31,11,17.33333333
31,17,8.84765625
31,16,8.84765625
31,29,38.8984375
31,35,44.2578125
31,40,44.2578125
31,21,12.03776042
31,6,4.891927083
31,18,8.84765625
31,44,49.80859375
31,13,9.677083333
31,9,9.677083333
31,23,20.07682292
31,34,44.51302083
31,10,5.59375
31,4,3.424479167
31,37,49.17057292
31,5,7.5078125
31,43,49.6171875
31,46,49.6171875
31,3,9.61328125
31,22,20.33203125
31,30,30.79557292
31,26,30.79557292
31,14,7.954427083
31,20,18.03515625
31,2,3.233072917
31,24,26.83984375
31,1,4.0625
31,25,36.66536458
31,8,6.104166667
31,32,46.171875
31,7,6.7421875
31,36,48.91536458
31,50,49.93619792
31,15,9.932291667
31,28,22.56510417
31,49,41.83333333
31,47,46.36328125
31,33,39.40885417
31,27,29.328125
31,12,10.44270833
31,38,14.33463542
31,42,36.66536458
31,31,33.15625
31,41,37.11197917
31,39,37.11197917
32,19,17.10648148
32,48,41.37962963
32,45,41.42500277
32,11,13.29536968
32,17,18.78518726
32,16,17.37870301
32,29,31.35277847
32,35,33.98426133
32,40,35.11852059
32,21,22.05185255
32,6,16.92499931
32,18,22.27870439
32,44,41.96944583
32,13,21.77963101
32,9,20.82685393
32,23,22.1425919
32,34,36.025928
32,10,19.19351783
32,4,17.74166736
32,37,38.47592523
32,5,12.20648356
32,43,37.79536968
32,46,42.01481897
32,3,18.55833541
32,22,22.82314745
32,30,30.85370509
32,26,28.2675919
32,14,18.46759259
32,20,20.82685393
32,2,15.88148287
32,24,20.87222361
32,1,16.56203842
32,25,26.04444652
32,8,21.28055764
32,32,34.34722222
32,7,19.23889097
32,36,37.79536968
32,50,44.73704119
32,15,20.78148079
32,28,35.93518519
32,49,42.92222638
32,47,41.56111526
32,33,35.75370301
32,27,29.94629768
32,12,14.56574143
32,38,38.52129838
32,42,40.29074351
32,31,34.43796504
32,41,36.25277985
32,39,36.57037106
33,19,25.58932292
33,48,41.8086632
33,45,41.8086632
33,11,9.21026476
33,17,10.02565538
33,16,9.122643229
33,29,25.37856337
33,35,33.52523872
33,40,41.57791232
33,21,25.65525174
33,6,9.055863718
33,18,25.40153212
33,44,41.97858941
33,13,9.207287324
33,9,9.243229167
33,23,25.30795573
33,34,41.83631076
33,10,9.140933157
33,4,9.140933157
33,37,33.58776476
33,5,9.081809896
33,43,41.84588107
33,46,49.74734375
33,3,6.91487847
33,22,25.39238716
33,30,28.83025607
33,26,27.34643229
33,14,15.84461805
33,20,25.51637587
33,2,8.151575521
33,24,25.35282986
33,1,7.952725697
33,25,25.32582031
33,8,6.586085072
33,32,33.56479601
33,7,7.201987845
33,36,36.05392795
33,50,49.58932726
33,15,7.754726563
33,28,25.90620659
33,49,49.86091146
33,47,49.85474393
33,33,38.26148003
33,27,31.04737847
33,12,7.997599824
33,38,33.22473091
33,42,45.51365018
33,31,25.94959201
33,41,47.47216146
33,39,46.98216146
34,19,1.255208333
34,48,49.68098958
34,45,49.93619792
34,11,1.319010417
34,17,17.33333333
34,16,17.33333333
34,29,41.9609375
34,35,49.55338542
34,40,49.93619792
34,21,1.255208333
34,6,4.0625
34,18,17.84375
34,44,49.87239583
34,13,7.635416667
34,9,7.763020833
34,23,28.69010417
34,34,41.83333333
34,10,10.31510417
34,4,10.31510417
34,37,49.80859375
34,5,11.78255208
34,43,49.68098958
34,46,49.68098958
34,3,11.3359375
34,22,25.05338542
34,30,32.19921875
34,26,31.625
34,14,16.3125
34,20,16.44010417
34,2,11.27213542
34,24,32.45442708
34,1,14.97265625
34,25,32.07161458
34,8,14.90885417
34,32,43.42838542
34,7,15.10026042
34,36,49.80859375
34,50,49.42578125
34,15,18.9921875
34,28,33.02864583
34,49,49.80859375
34,47,49.80859375
34,33,43.55598958
34,27,42.40755208
34,12,11.84635417
34,38,43.4921875
34,42,49.68098958
34,31,44.13020833
34,41,49.74479167
34,39,49.74479167
35,19,17.24464844
35,48,46.3709375
35,45,42.08131076
35,11,5.458276907
35,17,15.51901476
35,16,15.94989149
35,29,29.61161893
35,35,35.69599826
35,40,33.45271701
35,21,17.95072482
35,6,10.90846354
35,18,16.0256033
35,44,42.06706163
35,13,12.21108941
35,9,14.57921007
35,23,20.91518229
35,34,39.34122396
35,10,20.15040799
35,4,13.11601563
35,37,34.72407986
35,5,17.41138455
35,43,43.60745659
35,46,46.42325521
35,3,22.87560764
35,22,24.16589844
35,30,26.98828993
35,26,25.57230903
35,14,22.2110026
35,20,22.81605903
35,2,13.58262153
35,24,29.34790365
35,1,20.0914974
35,25,23.79138021
35,8,14.27232205
35,32,33.72345052
35,7,17.20105034
35,36,36.67621094
35,50,47.27671441
35,15,24.95023872
35,28,30.18796441
35,49,45.31394966
35,47,45.15572049
35,33,36.62070313
35,27,33.45356771
35,12,16.97455295
35,38,37.28637153
35,42,41.82142361
35,31,33.7542882
35,41,42.93987413
35,39,43.63382813
36,19,18.05925926
36,48,42.51388889
36,45,41.28888889
36,11,8.758333333
36,17,16.24444445
36,16,17.33333333
36,29,26.725
36,35,29.67407407
36,40,33.16759259
36,21,24.68333333
36,6,4.811111114
36,18,15.11018519
36,44,37.16018519
36,13,25.13703704
36,9,25.13703704
36,23,27.58703704
36,34,32.30555555
36,10,21.64351852
36,4,16.78888889
36,37,36.97870371
36,5,22.73240741
36,43,35.79907407
36,46,35.79907407
36,3,23.73055555
36,22,30.62685185
36,30,34.57407407
36,26,34.57407407
36,14,25.86296296
36,20,28.26759259
36,2,19.60185185
36,24,26.49814815
36,1,20.28240741
36,25,27.36018519
36,8,22.82314815
36,32,29.40185185
36,7,24.09351852
36,36,33.48518519
36,50,48.63888889
36,15,26.18055555
36,28,30.17314815
36,49,43.14907407
36,47,43.14907407
36,33,30.44537037
36,27,29.08425926
36,12,22.36944445
36,38,31.85185185
36,42,36.38888889
36,31,29.58333333
36,41,31.26203704
36,39,31.26203704
37,19,17.60555555
37,48,49.65972222
37,45,49.65972222
37,11,9.23472222
37,17,9.098611114
37,16,9.098611114
37,29,41.96944445
37,35,49.79583333
37,40,49.79583333
37,21,16.99305555
37,6,1.068055553
37,18,8.9625
37,44,49.93194445
37,13,9.098611114
37,9,9.098611114
37,23,41.62916667
37,34,49.93194445
37,10,9.030555553
37,4,1.068055553
37,37,49.52361111
37,5,5.831944447
37,43,48.02638889
37,46,48.02638889
37,3,3.654166667
37,22,13.79444445
37,30,37.20555555
37,26,40.54027778
37,14,6.376388886
37,20,12.36527778
37,2,2.361111114
37,24,35.64027778
37,1,2.565277781
37,25,37.47777778
37,8,13.99861111
37,32,45.57638889
37,7,7.465277781
37,36,45.03194445
37,50,48.23055555
37,15,13.59027778
37,28,36.72916667
37,49,45.98472222
37,47,45.98472222
37,33,43.2625
37,27,42.30972222
37,12,11.14027778
37,38,44.28333333
37,42,44.28333333
37,31,41.96944445
37,41,44.55555555
37,39,44.55555555
38,19,16.97276823
38,48,41.71625901
38,45,34.16292023
38,11,16.2526505
38,17,19.99274779
38,16,19.98354975
38,29,26.7295297
38,35,35.23083408
38,40,37.16397802
38,21,25.16587241
38,6,12.47037546
38,18,18.75373967
38,44,37.50107296
38,13,25.89815553
38,9,25.89815553
38,23,33.03296446
38,34,33.02377033
38,10,19.94061264
38,4,17.60052013
38,37,35.51914676
38,5,25.34531188
38,43,40.19807394
38,46,48.87058163
38,3,11.4064395
38,22,18.29468321
38,30,21.4900562
38,26,24.44560282
38,14,16.55127883
38,20,25.29702807
38,2,15.46838021
38,24,25.99155331
38,1,25.99155331
38,25,26.32273301
38,8,26.32273301
38,32,34.81639314
38,7,25.578818
38,36,33.55740015
38,50,47.87635326
38,15,25.63506929
38,28,33.80027954
38,49,49.40990082
38,47,43.26658654
38,33,28.03770606
38,27,31.69011831
38,12,18.0809439
38,38,32.98609813
38,42,40.82702136
38,31,40.82702136
38,41,49.09000254
38,39,41.04511436
39,19,25.44555555
39,48,49.78222222
39,45,49.34666667
39,11,10.14666667
39,17,9.60222222
39,16,9.493333333
39,29,25.39111111
39,35,26.75222222
39,40,31.97888889
39,21,9.057777781
39,6,1.217777781
39,18,3.667777781
39,44,41.77888889
39,13,1.054444447
39,9,1.054444447
39,23,25.28222222
39,34,33.06777778
39,10,5.028888886
39,4,5.028888886
39,37,41.94222222
39,5,1.054444447
39,43,49.94555555
39,46,49.89111111
39,3,1.326666667
39,22,25.22777778
39,30,33.61222222
39,26,33.61222222
39,14,9.003333333
39,20,9.003333333
39,2,1.435555553
39,24,25.39111111
39,1,1
39,25,25.28222222
39,8,1.707777781
39,32,37.47777778
39,7,5.41
39,36,41.67
39,50,49.67333333
39,15,9.33
39,28,25.71777778
39,49,49.72777778
39,47,49.72777778
39,33,27.78666667
39,27,25.44555555
39,12,9.493333333
39,38,33.83
39,42,33.39444445
39,31,25.71777778
39,41,39.76444445
39,39,40.69
40,19,1.09074074
40,48,49.77314815
40,45,49.77314815
40,11,9.212037041
40,17,9.212037041
40,16,9.212037041
40,29,16.925
40,35,41.83333333
40,40,49.04722222
40,21,17.37870371
40,6,8.35
40,18,8.35
40,44,49.95462963
40,13,16.97037037
40,9,17.01574074
40,23,9.438888886
40,34,41.74259259
40,10,17.56018519
40,4,17.56018519
40,37,17.56018519
40,5,18.01388889
40,43,49.27407407
40,46,49.36481481
40,3,16.87962963
40,22,25.72685185
40,30,32.98611111
40,26,26.18055555
40,14,17.01574074
40,20,10.43703704
40,2,17.83240741
40,24,17.83240741
40,1,15.56388889
40,25,26.90648148
40,8,25.63611111
40,32,33.93888889
40,7,14.02129629
40,36,48.68425926
40,50,49.54629629
40,15,17.15185185
40,28,27.58703704
40,49,49.81851852
40,47,49.86388889
40,33,34.98240741
40,27,28.90277778
40,12,16.24444445
40,38,43.37592593
40,42,49.81851852
40,31,28.76666667
40,41,40.10925926
40,39,41.15277778
41,19,9.109953707
41,48,49.43287037
41,45,47.05092593
41,11,17.90046296
41,17,13.13657407
41,16,14.27083333
41,29,23.68518519
41,35,28.5625
41,40,29.92361111
41,21,19.82870371
41,6,10.86805555
41,18,14.95138889
41,44,39.90509259
41,13,17.27662037
41,9,11.77546296
41,23,22.4375
41,34,28.16550926
41,10,11.60532407
41,4,8.826388886
41,37,30.20717593
41,5,11.03819445
41,43,41.77662037
41,46,45.57638889
41,3,10.1875
41,22,24.64930555
41,30,26.06712963
41,26,27.37152778
41,14,17.21990741
41,20,21.75694445
41,2,10.13078704
41,24,25.5
41,1,17.39004629
41,25,31.28472222
41,8,13.93055555
41,32,33.95023148
41,7,20.90625
41,36,36.67245371
41,50,49.94328704
41,15,17.10648148
41,28,13.87384259
41,49,40.13194445
41,47,41.71990741
41,33,33.49652778
41,27,21.53009259
41,12,13.19328704
41,38,38.37384259
41,42,38.99768519
41,31,32.07870371
41,41,34.6875
41,39,36.50231481
42,19,25.31851783
42,48,33.12222361
42,45,33.75740948
42,11,17.15185116
42,17,25.22777847
42,16,17.15185116
42,29,33.48518449
42,35,33.80277916
42,40,33.30370578
42,21,25.63611249
42,6,9.121296987
42,18,25.18240879
42,44,41.78796712
42,13,24.95555694
42,9,25.31851783
42,23,25.31851783
42,34,33.57592731
42,10,16.51666874
42,4,17.24259397
42,37,18.69444445
42,5,14.88333264
42,43,40.10925787
42,46,49.22870509
42,3,8.894445133
42,22,25.22777847
42,30,25.95370371
42,26,25.27314815
42,14,16.78889027
42,20,25.45463032
42,2,25.18240879
42,24,25.27314815
42,1,17.60555487
42,25,32.80462894
42,8,26.04444652
42,32,32.85000207
42,7,25.63611249
42,36,30.26388889
42,50,37.02407477
42,15,20.73611111
42,28,25.36389097
42,49,42.24167082
42,47,42.01481897
42,33,42.06018519
42,27,40.92592593
42,12,19.82870371
42,38,27.49629699
42,42,31.44351783
42,31,31.57963032
42,41,31.35277847
42,39,31.39814815
43,19,17.33333333
43,48,42.15092593
43,45,42.15092593
43,11,8.576851854
43,17,9.257407407
43,16,14.11203704
43,29,20.6
43,35,19.32962963
43,40,29.94629629
43,21,15.15555555
43,6,11.93425926
43,18,17.24259259
43,44,34.57407407
43,13,18.28611111
43,9,14.74722222
43,23,24.63796296
43,34,28.17685185
43,10,19.01203704
43,4,10.43703704
43,37,35.39074074
43,5,9.983333333
43,43,39.42870371
43,46,41.33425926
43,3,10.89074074
43,22,23.41296296
43,30,26.95185185
43,26,23.68518519
43,14,18.46759259
43,20,18.05925926
43,2,13.02314815
43,24,17.83240741
43,1,6.716666667
43,25,22.50555555
43,8,15.38240741
43,32,27.58703704
43,7,14.52037037
43,36,36.79722222
43,50,47.73148148
43,15,13.97592593
43,28,23.41296296
43,49,41.15277778
43,47,41.24351852
43,33,26.49814815
43,27,20.10092593
43,12,15.01944445
43,38,30.21851852
43,42,37.11481481
43,31,25.00092593
43,41,29.49259259
43,39,29.94629629
44,19,24.47916667
44,48,49.55338542
44,45,49.55338542
44,11,9.61328125
44,17,16.24869792
44,16,16.24869792
44,29,33.15625
44,35,40.62109375
44,40,49.36197917
44,21,17.4609375
44,6,9.8046875
44,18,9.8046875
44,44,48.21354167
44,13,9.99609375
44,9,9.99609375
44,23,9.99609375
44,34,49.93619792
44,10,17.4609375
44,4,10.76171875
44,37,41.578125
44,5,17.20572917
44,43,40.8125
44,46,40.8125
44,3,8.720052083
44,22,17.078125
44,30,34.3046875
44,26,27.73307292
44,14,17.84375
44,20,17.84375
44,2,17.84375
44,24,36.02734375
44,1,12.1015625
44,25,40.8125
44,8,11.01692708
44,32,41.76953125
44,7,9.740885417
44,36,40.68489583
44,50,48.27734375
44,15,8.592447917
44,28,40.62109375
44,49,45.85286458
44,47,45.85286458
44,33,45.85286458
44,27,37.3671875
44,12,16.18489583
44,38,34.75130208
44,42,34.75130208
44,31,34.75130208
44,41,34.75130208
44,39,34.75130208
45,19,25.1171875
45,48,49.04296875
45,45,49.55338542
45,11,18.03515625
45,17,17.77994792
45,16,17.77994792
45,29,29.13671875
45,35,28.69010417
45,40,28.69010417
45,21,25.5
45,6,20.39583333
45,18,19.7578125
45,44,43.875
45,13,25.43619792
45,9,25.43619792
45,23,25.43619792
45,34,29.64713542
45,10,18.29036458
45,4,15.1640625
45,37,30.92317708
45,5,18.80078125
45,43,39.47265625
45,46,43.81119792
45,3,16.12109375
45,22,22.69270833
45,30,26.32942708
45,26,27.60546875
45,14,24.54296875
45,20,24.3515625
45,2,19.43880208
45,24,26.83984375
45,1,15.546875
45,25,24.92578125
45,8,20.01302083
45,32,33.15625
45,7,22.24609375
45,36,37.87760417
45,50,49.17057292
45,15,25.75520833
45,28,31.30598958
45,49,47.76692708
45,47,48.59635417
45,33,41.70572917
45,27,41.25911458
45,12,25.56380208
45,38,38.64322917
45,42,47.703125
45,31,45.27864583
45,41,48.14973958
45,39,48.66015625
46,19,20.81304348
46,48,43.39565218
46,45,41.33623189
46,11,15.13188406
46,17,16.12608696
46,16,18.11449275
46,29,26.35217391
46,35,32.3884058
46,40,35.72608696
46,21,24.43478261
46,6,15.34492754
46,18,20.88405797
46,44,41.47826087
46,13,21.66521739
46,9,23.93768116
46,23,27.27536232
46,34,33.24057971
46,10,23.08550725
46,4,24.86086956
46,37,35.58405797
46,5,18.39855073
46,43,39.48985941
46,46,42.54347826
46,3,23.86666667
46,22,27.27536232
46,30,30.54203332
46,26,28.62463768
46,14,25.28695652
46,20,26.06811594
46,2,22.44637682
46,24,27.77246377
46,1,22.65942029
46,25,28.19855073
46,8,24.86086956
46,32,33.73768549
46,7,24.5768116
46,36,38.21159854
46,50,44.03478261
46,15,24.78985507
46,28,29.05072897
46,49,37.21739131
46,47,38.77971015
46,33,30.32898985
46,27,27.70144927
46,12,24.43478261
46,38,34.44782609
46,42,38.06956522
46,31,28.76666667
46,41,35.15797102
46,39,33.73768549
47,19,17.96851852
47,48,49.72777778
47,45,49.77314815
47,11,16.74351852
47,17,17.42407407
47,16,17.42407407
47,29,33.53055555
47,35,33.34907407
47,40,33.80277778
47,21,25.81759259
47,6,9.212037041
47,18,17.10648148
47,44,49.72777778
47,13,17.33333333
47,9,17.33333333
47,23,9.030555553
47,34,33.34907407
47,10,17.15185185
47,4,9.620370374
47,37,41.87870371
47,5,8.849074073
47,43,49.86388889
47,46,49.77314815
47,3,9.302777781
47,22,17.15185185
47,30,33.62129629
47,26,33.89351852
47,14,25.54537037
47,20,25.5
47,2,17.51481481
47,24,9.212037041
47,1,8.62222222
47,25,16.87962963
47,8,16.60740741
47,32,33.66666667
47,7,17.24259259
47,36,41.74259259
47,50,49.86388889
47,15,17.15185185
47,28,33.75740741
47,49,49.72777778
47,47,49.63703704
47,33,33.93888889
47,27,33.93888889
47,12,25.27314815
47,38,42.15092593
47,42,41.56111111
47,31,33.66666667
47,41,41.74259259
47,39,41.87870371
48,19,17.18977475
48,48,49.9842364
48,45,49.40345208
48,11,11.66486832
48,17,8.93493434
48,16,8.93493434
48,29,32.8054982
48,35,36.96915269
48,40,41.95196923
48,21,12.03156674
48,6,9.346273578
48,18,5.999941151
48,44,45.59854412
48,13,16.25660697
48,9,19.06164003
48,23,17.06167603
48,34,33.45304028
48,10,17.294746
48,4,17.294746
48,37,41.94594884
48,5,17.00075563
48,43,49.59342528
48,46,49.59342528
48,3,17.39045302
48,22,11.3188051
48,30,32.23747897
48,26,13.43472385
48,14,16.53407828
48,20,16.53407828
48,2,18.3952229
48,24,23.96918615
48,1,8.415216444
48,25,21.64405894
48,8,15.86420313
48,32,41.6184686
48,7,17.64587943
48,36,41.73611927
48,50,49.88965479
48,15,16.31253116
48,28,28.02355854
48,49,49.55618143
48,47,49.55618143
48,33,42.56619278
48,27,25.47256167
48,12,16.99720804
48,38,44.31099518
48,42,44.31099518
48,31,37.42992647
48,41,45.07994191
48,39,44.7029512
49,19,17.51481481
49,48,41.83333333
49,45,37.65925926
49,11,12.29722222
49,17,18.33148148
49,16,20.96296296
49,29,26.90648148
49,35,29.49259259
49,40,30.89907407
49,21,25.81759259
49,6,23.73055555
49,18,22.23333333
49,44,33.71203704
49,13,24.91018519
49,9,20.73611111
49,23,29.40185185
49,34,37.97685185
49,10,20.23703704
49,4,13.79444445
49,37,38.52129629
49,5,16.38055555
49,43,35.43611111
49,46,38.29444445
49,3,11.20833333
49,22,20.14629629
49,30,32.57777778
49,26,29.08425926
49,14,26.67962963
49,20,25.31851852
49,2,21.87037037
49,24,21.18981481
49,1,18.42222222
49,25,29.35648148
49,8,25.77222222
49,32,34.12037037
49,7,26.86111111
49,36,47.68611111
49,50,49.72777778
49,15,25.86296296
49,28,33.43981481
49,49,41.60648148
49,47,41.74259259
49,33,32.66851852
49,27,31.39814815
49,12,26.36203704
49,38,34.12037037
49,42,36.525
49,31,33.39444445
49,41,34.16574074
49,39,35.02777778
50,19,16.82
50,48,49.44
50,45,49.44
50,11,6.529999999
50,17,11.22
50,16,9.190000001
50,29,23.19
50,35,39.5
50,40,44.96
50,21,20.88
50,6,10.87
50,18,16.75
50,44,43.98
50,13,21.58
50,9,12.76
50,23,21.72
50,34,44.4
50,10,13.95
50,4,10.31
50,37,46.85
50,5,14.16
50,43,49.93
50,46,48.25
50,3,5.620000002
50,22,24.31
50,30,43
50,26,31.03
50,14,18.36
50,20,14.44
50,2,2.330000001
50,24,33.34
50,1,3.589999999
50,25,34.6
50,8,2.259999998
50,32,41.46
50,7,9.609999998
50,36,42.37
50,50,49.93
50,15,15.56
50,28,30.4
50,49,49.23
50,47,49.86
50,33,35.3
50,27,29.7
50,12,20.53
50,38,41.46
50,42,48.04
50,31,42.16
50,41,47.69
50,39,44.75
